{
	"biome": "biomesoplenty:phantasmagoric_inferno",
	"generationWeight": 6,
	"useDefaultDecorations": true,
	"isSubBiome": false,
	"blocks": {},
	"entities": [
		{
			"spawnWeight": 50,
			"minimumGroupCount": 4,
			"maximumGroupCount": 4,
			"entity": "minecraft:ghast"
		}, 
		{
			"spawnWeight": 100,
			"minimumGroupCount": 4,
			"maximumGroupCount": 4,
			"entity": "minecraft:zombie_pigman"
		}, 
		{
			"spawnWeight": 2,
			"minimumGroupCount": 4,
			"maximumGroupCount": 4,
			"entity": "minecraft:magma_cube"
		}, 
		{
			"spawnWeight": 1,
			"minimumGroupCount": 4,
			"maximumGroupCount": 4,
			"entity": "minecraft:enderman"
		}, 
		{
			"spawnWeight": 2000,
			"minimumGroupCount": 1,
			"maximumGroupCount": 3,
			"entity": "magma_monsters:magma_monster"
		}, 
		{
			"spawnWeight": 2000,
			"minimumGroupCount": 1,
			"maximumGroupCount": 3,
			"entity": "magma_monsters:magma_monster_grunt"
		}, 
		{
			"spawnWeight": 3,
			"minimumGroupCount": 1,
			"maximumGroupCount": 1,
			"entity": "mocreatures:biggolem"
		}, 
		{
			"spawnWeight": 5,
			"minimumGroupCount": 1,
			"maximumGroupCount": 2,
			"entity": "mocreatures:caveogre"
		}, 
		{
			"spawnWeight": 6,
			"minimumGroupCount": 1,
			"maximumGroupCount": 2,
			"entity": "mocreatures:fireogre"
		}, 
		{
			"spawnWeight": 5,
			"minimumGroupCount": 1,
			"maximumGroupCount": 2,
			"entity": "mocreatures:flamewraith"
		}, 
		{
			"spawnWeight": 8,
			"minimumGroupCount": 1,
			"maximumGroupCount": 2,
			"entity": "mocreatures:greenogre"
		}, 
		{
			"spawnWeight": 6,
			"minimumGroupCount": 1,
			"maximumGroupCount": 4,
			"entity": "mocreatures:hellrat"
		}, 
		{
			"spawnWeight": 8,
			"minimumGroupCount": 1,
			"maximumGroupCount": 3,
			"entity": "mocreatures:horsemob"
		}, 
		{
			"spawnWeight": 8,
			"minimumGroupCount": 1,
			"maximumGroupCount": 3,
			"entity": "mocreatures:manticore"
		}, 
		{
			"spawnWeight": 6,
			"minimumGroupCount": 1,
			"maximumGroupCount": 3,
			"entity": "mocreatures:minigolem"
		}, 
		{
			"spawnWeight": 7,
			"minimumGroupCount": 1,
			"maximumGroupCount": 2,
			"entity": "mocreatures:rat"
		}, 
		{
			"spawnWeight": 6,
			"minimumGroupCount": 1,
			"maximumGroupCount": 3,
			"entity": "mocreatures:scorpion"
		}, 
		{
			"spawnWeight": 6,
			"minimumGroupCount": 1,
			"maximumGroupCount": 4,
			"entity": "mocreatures:silverskeleton"
		}, 
		{
			"spawnWeight": 8,
			"minimumGroupCount": 1,
			"maximumGroupCount": 4,
			"entity": "mocreatures:werewolf"
		}, 
		{
			"spawnWeight": 6,
			"minimumGroupCount": 1,
			"maximumGroupCount": 4,
			"entity": "mocreatures:wraith"
		}, 
		{
			"spawnWeight": 8,
			"minimumGroupCount": 1,
			"maximumGroupCount": 3,
			"entity": "mocreatures:wwolf"
		}, 
		{
			"spawnWeight": 2,
			"minimumGroupCount": 1,
			"maximumGroupCount": 1,
			"entity": "mowziesmobs:grottol"
		}, 
		{
			"spawnWeight": 8,
			"minimumGroupCount": 1,
			"maximumGroupCount": 2,
			"entity": "mocreatures:snake"
		}, 
		{
			"spawnWeight": 7,
			"minimumGroupCount": 1,
			"maximumGroupCount": 4,
			"entity": "mocreatures:ant"
		}, 
		{
			"spawnWeight": 8,
			"minimumGroupCount": 1,
			"maximumGroupCount": 2,
			"entity": "mocreatures:fly"
		}
	],
	"traits": [],
	"subBiomes": []
}