{"stat.craftItem.minecraft.stone_shovel":1,"stat.walkOneCm":25573,"stat.leaveGame":1,"stat.pickup.minecraft.waterlily":1,"stat.pickup.minecraft.crafting_table":2,"stat.pickup.minecraft.stonebrick":4,"stat.craftItem.minecraft.crafting_table":1,"stat.furnaceInteraction":5,"stat.mineBlock.minecraft.double_plant":2,"stat.drop.minecraft.red_flower":1,"stat.pickup.minecraft.log":41,"stat.killEntity.fossil.tarslime":8,"stat.jump":125,"stat.swimOneCm":507,"stat.fallOneCm":2626,"stat.useItem.minecraft.planks":12,"stat.climbOneCm":628,"stat.pickup.fossil.tardrop":5,"stat.pickup.minecraft.beef":8,"stat.useItem.minecraft.stone_axe":40,"stat.craftItem.minecraft.stone_slab2":0,"stat.crouchOneCm":596,"stat.pickup.minecraft.sapling":21,"stat.pickup.minecraft.dirt":17,"stat.sprintOneCm":19932,"stat.useItem.minecraft.stone_slab2":4,"stat.craftItem.minecraft.stick":12,"stat.craftingTableInteraction":15,"stat.craftItem.minecraft.furnace":1,"stat.mineBlock.fossil.sifter":1,"stat.mineBlock.minecraft.stonebrick":4,"stat.craftItem.minecraft.planks":36,"stat.craftItem.minecraft.stone_axe":1,"stat.pickup.fossil.worktable":1,"stat.mineBlock.minecraft.crafting_table":2,"stat.damageTaken":170,"stat.pickup.minecraft.leather":5,"stat.craftItem.minecraft.stone_pickaxe":1,"stat.mineBlock.minecraft.red_flower":1,"stat.useItem.minecraft.wooden_pickaxe":9,"stat.craftItem.minecraft.cooked_beef":3,"stat.pickup.minecraft.cobblestone":20,"stat.mobKills":12,"stat.mineBlock.minecraft.log":41,"stat.pickup.minecraft.planks":4,"stat.mineBlock.minecraft.waterlily":1,"stat.pickup.minecraft.reeds":8,"stat.useItem.minecraft.stone_shovel":9,"stat.craftItem.minecraft.stone_sword":1,"stat.flyOneCm":20511,"stat.pickup.minecraft.bed":1,"stat.mineBlock.minecraft.planks":4,"stat.mineBlock.fossil.worktable":1,"stat.drop":1,"stat.mineBlock.minecraft.leaves":2,"stat.pickup.fossil.sifter":1,"stat.playOneMinute":9438,"stat.useItem.minecraft.stone_pickaxe":17,"stat.pickup.minecraft.red_flower":1,"stat.useItem.minecraft.cooked_beef":1,"stat.sneakTime":448,"stat.useItem.minecraft.stone_sword":24,"stat.damageDealt":680,"stat.timeSinceDeath":9438,"stat.killEntity.Cow":4,"stat.mineBlock.minecraft.dirt":17,"stat.craftItem.minecraft.wooden_pickaxe":1,"stat.mineBlock.minecraft.stone":22,"stat.mineBlock.minecraft.tallgrass":7,"stat.diveOneCm":2734}