{"stat.pickup.minecraft.bone":2,"stat.pickup.fossil.biofossil":5,"stat.leaveGame":5,"stat.useItem.iceandfire.dread_knight_sword":5,"stat.drop.netherex.frosted_amedian_axe":1,"stat.swimOneCm":6326,"stat.killEntity.mocreatures:ent":5,"stat.climbOneCm":599,"stat.pickup.minecraft.porkchop":8,"stat.pickup.iceandfire.stymphalian_bird_feather":16,"stat.useItem.minecraft.stone_slab2":19,"stat.drop.minecraft.iron_sword":1,"stat.pickup.iceandfire.dread_knight_sword":1,"stat.pickup.netherex.frosted_amedian_axe":2,"stat.useItem.minecraft.egg":99,"stat.pickup.minecraft.cobblestone":6,"stat.drop.mocreatures.kittybed_white":1,"stat.mineBlock.chisel.limestone2":7,"stat.killEntity.mocreatures:grizzlybear":1,"stat.flyOneCm":336707,"stat.useItem.netherex.frosted_amedian_axe":20,"stat.timeSinceDeath":77694,"stat.useItem.minecraft.spawn_egg":7,"stat.pickup.fossil.plant_fossil":3,"stat.pickup.minecraft.mutton":8,"stat.mineBlock.minecraft.coal_ore":24,"stat.drop.minecraft.spawn_egg":1,"stat.pickup.minecraft.beef":11,"stat.killEntity.mutantbeasts.mutant_zombie":1,"stat.sprintOneCm":50828,"stat.pickup.mocreatures.kittybed_white":1,"stat.useItem.minecraft.flint_and_steel":1,"stat.useItem.minecraft.diamond_pickaxe":47,"stat.killEntity.mocreatures:minigolem":1,"stat.useItem.minecraft.beef":5,"stat.drop":8,"stat.pickup.minecraft.egg":1,"stat.playOneMinute":77694,"stat.killEntity.Sheep":5,"stat.killEntity.mocreatures:butterfly":1,"stat.killEntity.Zombie":1,"stat.pickup.mocreatures.hide":2,"stat.mineBlock.minecraft.tallgrass":1,"stat.diveOneCm":12683,"stat.chestOpened":3,"stat.jump":451,"stat.pickup.iceandfire.dragonsteel_ice_axe":1,"stat.pickup.minecraft.coal":24,"stat.fallOneCm":3712,"stat.mineBlock.fossil.fossil":10,"stat.crouchOneCm":1873,"stat.pickup.iceandfire.pixie_dust":2,"stat.pickup.minecraft.dirt":10,"stat.craftingTableInteraction":2,"stat.pickup.iceandfire.shiny_scales":5,"stat.damageTaken":195,"stat.pickup.minecraft.leather":7,"stat.pickup.minecraft.prismarine_shard":1,"stat.pickup.minecraft.prismarine_crystals":1,"stat.killEntity.Llama":7,"stat.pickup.chisel.limestone2":7,"stat.damageDealt":11294,"stat.killEntity.if_pixie":1,"stat.killEntity.Cow":4,"stat.drop.mutantbeasts.hulk_hammer":1,"stat.killEntity.Pig":4,"stat.drop.minecraft.stick":10,"stat.walkOneCm":58216,"stat.pickup.minecraft.stick":23,"stat.pickup.minecraft.diamond_pickaxe":1,"stat.craftItem.minecraft.crafting_table":1,"stat.pickup.minecraft.log":8,"stat.drop.minecraft.sapling":4,"stat.pickup.minecraft.sapling":21,"stat.drop.iceandfire.dragonsteel_ice_axe":1,"stat.pickup.mutantbeasts.hulk_hammer":1,"stat.killEntity.mocreatures:snail":1,"stat.craftItem.minecraft.planks":4,"stat.useItem.minecraft.iron_sword":139,"stat.killEntity.Spider":1,"stat.killEntity.stymphalianbird":1,"stat.killEntity.mocreatures:blackbear":2,"stat.mobKills":37,"stat.mineBlock.minecraft.log":1,"stat.useItem.carryon.entity_item":4,"stat.mineBlock.minecraft.leaves":2,"stat.sneakTime":1049,"stat.pickup.minecraft.wool":5,"stat.killEntity.siren":1,"stat.mineBlock.minecraft.stone":6}