{"stat.pickup.minecraft.flint_and_steel":2,"stat.walkOneCm":15793,"stat.drop.minecraft.diamond_chestplate":1,"stat.leaveGame":8,"stat.pickup.minecraft.nether_wart":4,"stat.furnaceInteraction":9,"stat.drop.minecraft.flint_and_steel":2,"stat.pickup.minecraft.obsidian":3,"stat.useItem.minecraft.diamond_sword":5,"stat.jump":71,"stat.fallOneCm":3781,"stat.drop.minecraft.diamond_helmet":1,"stat.craftItem.minecraft.stone_slab2":0,"stat.drop.minecraft.obsidian":8,"stat.crouchOneCm":47,"stat.drop.minecraft.diamond_leggings":1,"stat.useItem.minecraft.obsidian":14,"stat.pickup.minecraft.dirt":1,"stat.drop.minecraft.egg":2,"stat.sprintOneCm":8844,"stat.useItem.minecraft.stone_slab2":6,"stat.craftingTableInteraction":3,"stat.useItem.mocreatures.omelet":1,"stat.killEntity.magma_monster_grunt":2,"stat.useItem.minecraft.egg":6,"stat.killEntity.Chicken":1,"stat.useItem.minecraft.flint_and_steel":2,"stat.craftItem.mocreatures.omelet":6,"stat.useItem.foodexpansion.itembacon":2,"stat.damageTaken":134,"stat.pickup.betternether.ink_bush_seed":1,"stat.drop.minecraft.diamond_boots":1,"stat.mobKills":3,"stat.pickup.minecraft.magma_cream":1,"stat.craftItem.foodexpansion.itembacon":2,"stat.flyOneCm":13037,"stat.drop":16,"stat.playOneMinute":12924,"stat.mineBlock.betternether.egg_plant":1,"stat.sneakTime":17,"stat.damageDealt":200,"stat.timeSinceDeath":12924,"stat.mineBlock.minecraft.dirt":1,"stat.mineBlock.minecraft.tallgrass":1}