{"stat.walkOneCm":11182,"stat.killEntity.magma_monster":4,"stat.leaveGame":4,"stat.pickup.minecraft.obsidian":2,"stat.killEntity.LavaSlime":15,"stat.swimOneCm":1043,"stat.jump":36,"stat.drop.minecraft.wooden_door":1,"stat.drop.minecraft.obsidian":2,"stat.crouchOneCm":17,"stat.pickup.minecraft.wooden_door":1,"stat.sprintOneCm":6460,"stat.useItem.fossil.scarab_sword":46,"stat.killEntity.magma_monster_grunt":5,"stat.mobKills":24,"stat.pickup.minecraft.magma_cream":7,"stat.flyOneCm":2421,"stat.drop":2,"stat.playOneMinute":8092,"stat.sneakTime":10,"stat.damageDealt":2150,"stat.timeSinceDeath":8092,"stat.useItem.minecraft.spawn_egg":11,"stat.diveOneCm":84}