{"stat.leaveGame":8,"stat.pickup.minecraft.waterlily":2,"stat.killEntity.fossil.tarslime":8,"stat.jump":133,"stat.swimOneCm":768,"stat.fallOneCm":2626,"stat.useItem.minecraft.planks":12,"stat.climbOneCm":753,"stat.useItem.minecraft.stone_axe":40,"stat.crouchOneCm":596,"stat.pickup.minecraft.dirt":17,"stat.useItem.minecraft.dirt":1,"stat.useItem.minecraft.stone_slab2":4,"stat.craftingTableInteraction":15,"stat.craftItem.minecraft.furnace":1,"stat.mineBlock.fossil.sifter":1,"stat.killEntity.mocreatures:dragonfly":1,"stat.craftItem.minecraft.stone_axe":1,"stat.pickup.fossil.worktable":1,"stat.damageTaken":170,"stat.pickup.minecraft.leather":5,"stat.craftItem.minecraft.stone_pickaxe":1,"stat.mineBlock.minecraft.red_flower":1,"stat.useItem.minecraft.wooden_pickaxe":9,"stat.craftItem.minecraft.cooked_beef":8,"stat.pickup.minecraft.cobblestone":20,"stat.pickup.minecraft.planks":4,"stat.pickup.minecraft.reeds":27,"stat.useItem.minecraft.stone_shovel":9,"stat.craftItem.minecraft.stone_sword":1,"stat.flyOneCm":22883,"stat.pickup.minecraft.bed":1,"stat.pickup.fossil.sifter":1,"stat.useItem.minecraft.stone_pickaxe":17,"stat.useItem.minecraft.cooked_beef":1,"stat.useItem.minecraft.stone_sword":34,"stat.damageDealt":720,"stat.timeSinceDeath":11789,"stat.killEntity.Cow":4,"stat.mineBlock.minecraft.dirt":17,"stat.craftItem.minecraft.wooden_pickaxe":1,"stat.craftItem.minecraft.stone_shovel":1,"stat.walkOneCm":27505,"stat.pickup.minecraft.crafting_table":2,"stat.pickup.minecraft.stonebrick":4,"stat.craftItem.minecraft.crafting_table":1,"stat.furnaceInteraction":7,"stat.mineBlock.minecraft.double_plant":2,"stat.drop.minecraft.red_flower":1,"stat.pickup.minecraft.log":41,"stat.pickup.fossil.tardrop":5,"stat.pickup.minecraft.beef":8,"stat.craftItem.minecraft.stone_slab2":0,"stat.pickup.minecraft.sapling":21,"stat.sprintOneCm":23320,"stat.craftItem.minecraft.stick":12,"stat.mineBlock.minecraft.stonebrick":4,"stat.craftItem.minecraft.planks":36,"stat.mineBlock.minecraft.crafting_table":2,"stat.mobKills":13,"stat.mineBlock.minecraft.log":41,"stat.mineBlock.minecraft.waterlily":2,"stat.mineBlock.minecraft.planks":4,"stat.mineBlock.fossil.worktable":1,"stat.drop":1,"stat.mineBlock.minecraft.leaves":2,"stat.playOneMinute":11789,"stat.pickup.minecraft.red_flower":1,"stat.sneakTime":448,"stat.mineBlock.minecraft.stone":22,"stat.mineBlock.minecraft.tallgrass":7,"stat.diveOneCm":2734}