{"stat.chestOpened":3,"stat.walkOneCm":15429,"stat.pickup.fossil.biofossil":1,"stat.leaveGame":4,"stat.craftItem.minecraft.crafting_table":1,"stat.pickup.minecraft.log":1,"stat.jump":109,"stat.swimOneCm":5269,"stat.fallOneCm":209,"stat.climbOneCm":599,"stat.mineBlock.fossil.fossil":2,"stat.pickup.minecraft.porkchop":8,"stat.crouchOneCm":268,"stat.sprintOneCm":17385,"stat.useItem.minecraft.stone_slab2":1,"stat.craftingTableInteraction":2,"stat.pickup.iceandfire.shiny_scales":5,"stat.craftItem.minecraft.planks":4,"stat.useItem.minecraft.iron_sword":24,"stat.useItem.minecraft.egg":99,"stat.useItem.minecraft.diamond_pickaxe":12,"stat.pickup.minecraft.prismarine_shard":1,"stat.mobKills":5,"stat.pickup.minecraft.cobblestone":3,"stat.mineBlock.minecraft.log":1,"stat.mineBlock.chisel.limestone2":7,"stat.pickup.minecraft.prismarine_crystals":1,"stat.pickup.chisel.limestone2":7,"stat.flyOneCm":123695,"stat.pickup.minecraft.egg":1,"stat.mineBlock.minecraft.leaves":1,"stat.playOneMinute":15422,"stat.sneakTime":303,"stat.damageDealt":1323,"stat.timeSinceDeath":15422,"stat.killEntity.siren":1,"stat.killEntity.Pig":4,"stat.pickup.fossil.plant_fossil":1,"stat.mineBlock.minecraft.stone":3,"stat.mineBlock.minecraft.tallgrass":1,"stat.diveOneCm":11572}