{"stat.pickup.minecraft.bone":3,"stat.leaveGame":11,"stat.pickup.minecraft.obsidian":3,"stat.useItem.minecraft.porkchop":6,"stat.useItem.minecraft.diamond_sword":13,"stat.jump":204,"stat.swimOneCm":312,"stat.pickup.minecraft.coal":1,"stat.fallOneCm":8548,"stat.climbOneCm":145,"stat.crouchOneCm":431,"stat.useItem.minecraft.obsidian":38,"stat.pickup.minecraft.dirt":2,"stat.mineBlock.betternether.nether_grass":3,"stat.useItem.minecraft.stone_slab2":7,"stat.craftingTableInteraction":3,"stat.useItem.mocreatures.omelet":6,"stat.useItem.minecraft.egg":6,"stat.craftItem.mocreatures.omelet":6,"stat.pickup.betternether.egg_plant":1,"stat.useItem.foodexpansion.itembacon":2,"stat.damageTaken":910,"stat.pickup.betternether.ink_bush_seed":1,"stat.entityKilledBy.myrmex_worker":1,"stat.pickup.minecraft.magma_cream":1,"stat.craftItem.foodexpansion.itembacon":2,"stat.flyOneCm":36411,"stat.pickup.minecraft.soul_sand":1,"stat.damageDealt":668,"stat.timeSinceDeath":0,"stat.mineBlock.minecraft.dirt":2,"stat.useItem.minecraft.spawn_egg":1,"stat.pickup.minecraft.flint_and_steel":2,"stat.walkOneCm":30061,"stat.drop.minecraft.diamond_chestplate":1,"stat.pickup.minecraft.nether_wart":4,"stat.furnaceInteraction":12,"stat.drop.minecraft.flint_and_steel":2,"stat.drop.minecraft.diamond_helmet":1,"stat.craftItem.minecraft.stone_slab2":0,"stat.drop.minecraft.obsidian":8,"stat.drop.minecraft.diamond_leggings":1,"stat.drop.minecraft.egg":2,"stat.sprintOneCm":25246,"stat.killEntity.magma_monster_grunt":2,"stat.killEntity.Chicken":1,"stat.useItem.minecraft.flint_and_steel":2,"stat.killEntity.WitherSkeleton":2,"stat.drop.minecraft.diamond_boots":1,"stat.mobKills":5,"stat.mineBlock.minecraft.soul_sand":1,"stat.drop.betternether.ink_bush_seed":1,"stat.deaths":2,"stat.drop":17,"stat.playOneMinute":20254,"stat.mineBlock.betternether.egg_plant":2,"stat.sneakTime":105,"stat.mineBlock.minecraft.tallgrass":3}