{"stat.pickup.minecraft.bone":1,"stat.pickup.iceandfire.fire_dragon_flesh":2,"stat.leaveGame":10,"stat.pickup.minecraft.flint":4,"stat.swimOneCm":594,"stat.useItem.minecraft.dirt":4,"stat.useItem.minecraft.stone_slab2":8,"stat.pickup.minecraft.rotten_flesh":5,"stat.craftItem.minecraft.furnace":1,"stat.craftItem.minecraft.stone_axe":1,"stat.pickup.iceandfire.chared_cobblestone":1,"stat.craftItem.minecraft.stone_pickaxe":1,"stat.craftItem.minecraft.cooked_beef":45,"stat.pickup.minecraft.cobblestone":21,"stat.mineBlock.chisel.limestone2":1,"stat.useItem.minecraft.stone_shovel":61,"stat.craftItem.minecraft.stone_sword":1,"stat.flyOneCm":253133,"stat.killEntity.mocreatures:turkey":1,"stat.entityKilledBy.firedragon":2,"stat.pickup.iceandfire.ash":10,"stat.drop.minecraft.wheat_seeds":2,"stat.useItem.minecraft.cooked_beef":6,"stat.timeSinceDeath":16694,"stat.craftItem.minecraft.wooden_pickaxe":1,"stat.pickup.minecraft.mutton":14,"stat.craftItem.minecraft.bed":1,"stat.mineBlock.chisel.marble2":3,"stat.furnaceInteraction":25,"stat.drop.minecraft.dirt":1,"stat.pickup.iceandfire.dragon_skull":1,"stat.mineBlock.minecraft.coal_ore":49,"stat.killEntity.Creeper":2,"stat.pickup.minecraft.beef":45,"stat.pickup.minecraft.furnace":2,"stat.craftItem.minecraft.stone_slab2":0,"stat.sprintOneCm":72544,"stat.craftItem.minecraft.stick":12,"stat.mineBlock.iceandfire.ash":10,"stat.mineBlock.minecraft.crafting_table":2,"stat.deaths":3,"stat.drop":3,"stat.playOneMinute":54304,"stat.killEntity.Sheep":8,"stat.killEntity.Zombie":4,"stat.pickup.iceandfire.chared_dirt":2,"stat.pickup.chisel.marble2":3,"stat.mineBlock.minecraft.tallgrass":9,"stat.craftItem.minecraft.cooked_mutton":14,"stat.pickup.minecraft.gravel":27,"stat.pickup.minecraft.arrow":2,"stat.pickup.minecraft.gold_nugget":45,"stat.jump":663,"stat.pickup.minecraft.coal":102,"stat.fallOneCm":20940,"stat.drop.minecraft.stone":2,"stat.useItem.minecraft.stone_axe":26,"stat.pickup.iceandfire.chared_gravel":3,"stat.pickup.minecraft.gunpowder":1,"stat.crouchOneCm":3557,"stat.pickup.iceandfire.chared_stone":3,"stat.craftItem.minecraft.torch":4,"stat.pickup.minecraft.dirt":30,"stat.craftingTableInteraction":12,"stat.pickup.iceandfire.fire_dragon_heart":1,"stat.mineBlock.minecraft.log2":6,"stat.useItem.chisel.marble2":2,"stat.pickup.minecraft.leather":27,"stat.damageTaken":1350,"stat.mineBlock.minecraft.furnace":2,"stat.useItem.minecraft.wooden_pickaxe":23,"stat.mineBlock.iceandfire.chared_cobblestone":1,"stat.pickup.minecraft.log2":6,"stat.pickup.minecraft.planks":18,"stat.pickup.chisel.limestone2":1,"stat.pickup.minecraft.wheat_seeds":2,"stat.mineBlock.minecraft.gravel":33,"stat.useItem.minecraft.stone_pickaxe":63,"stat.useItem.minecraft.stone_sword":142,"stat.damageDealt":7101,"stat.sleepInBed":1,"stat.killEntity.Cow":22,"stat.mineBlock.minecraft.dirt":31,"stat.craftItem.minecraft.stone_shovel":1,"stat.walkOneCm":59154,"stat.pickup.minecraft.crafting_table":2,"stat.craftItem.minecraft.crafting_table":1,"stat.craftItem.mocreatures.turkeycooked":1,"stat.pickup.minecraft.stone":2,"stat.pickup.mocreatures.turkeyraw":1,"stat.killEntity.Skeleton":1,"stat.mineBlock.iceandfire.goldpile":6,"stat.craftItem.minecraft.planks":24,"stat.pickup.iceandfire.dragonscales_green":32,"stat.mobKills":40,"stat.pickup.iceandfire.dragonbone":7,"stat.sneakTime":1402,"stat.pickup.minecraft.wool":8,"stat.killEntity.firedragon":1,"stat.mineBlock.minecraft.stone":23}