{"stat.pickup.minecraft.bone":3,"stat.leaveGame":9,"stat.pickup.minecraft.obsidian":3,"stat.useItem.minecraft.diamond_sword":12,"stat.jump":103,"stat.pickup.minecraft.coal":1,"stat.fallOneCm":4201,"stat.crouchOneCm":51,"stat.useItem.minecraft.obsidian":14,"stat.pickup.minecraft.dirt":1,"stat.useItem.minecraft.stone_slab2":6,"stat.craftingTableInteraction":3,"stat.useItem.mocreatures.omelet":4,"stat.useItem.minecraft.egg":6,"stat.craftItem.mocreatures.omelet":6,"stat.pickup.betternether.egg_plant":1,"stat.useItem.foodexpansion.itembacon":2,"stat.damageTaken":425,"stat.pickup.betternether.ink_bush_seed":1,"stat.pickup.minecraft.magma_cream":1,"stat.craftItem.foodexpansion.itembacon":2,"stat.flyOneCm":19986,"stat.damageDealt":600,"stat.timeSinceDeath":0,"stat.mineBlock.minecraft.dirt":1,"stat.pickup.minecraft.flint_and_steel":2,"stat.walkOneCm":19016,"stat.drop.minecraft.diamond_chestplate":1,"stat.pickup.minecraft.nether_wart":4,"stat.furnaceInteraction":11,"stat.drop.minecraft.flint_and_steel":2,"stat.drop.minecraft.diamond_helmet":1,"stat.craftItem.minecraft.stone_slab2":0,"stat.drop.minecraft.obsidian":8,"stat.drop.minecraft.diamond_leggings":1,"stat.drop.minecraft.egg":2,"stat.sprintOneCm":16369,"stat.killEntity.magma_monster_grunt":2,"stat.killEntity.Chicken":1,"stat.useItem.minecraft.flint_and_steel":2,"stat.killEntity.WitherSkeleton":2,"stat.drop.minecraft.diamond_boots":1,"stat.mobKills":5,"stat.drop.betternether.ink_bush_seed":1,"stat.deaths":1,"stat.drop":17,"stat.playOneMinute":14406,"stat.mineBlock.betternether.egg_plant":2,"stat.sneakTime":20,"stat.mineBlock.minecraft.tallgrass":1}