{"stat.walkOneCm":26135,"stat.pickup.customnpcs.npcborder":1,"stat.killEntity.magma_monster":4,"stat.leaveGame":8,"stat.pickup.customnpcs.npcmovingpath":1,"stat.pickup.minecraft.obsidian":2,"stat.pickup.customnpcs.npccopyblock":2,"stat.killEntity.LavaSlime":15,"stat.pickup.customnpcs.npccarpentybench":1,"stat.swimOneCm":1043,"stat.jump":108,"stat.pickup.customnpcs.npcscripter":1,"stat.useItem.netherex.rime_and_steel":2,"stat.pickup.customnpcs.npcredstoneblock":1,"stat.drop.minecraft.wooden_door":1,"stat.drop.minecraft.obsidian":2,"stat.crouchOneCm":190,"stat.pickup.customnpcs.npcmailbox":3,"stat.pickup.minecraft.wooden_door":1,"stat.sprintOneCm":15148,"stat.useItem.minecraft.stone_slab2":15,"stat.pickup.customnpcs.npcwand":1,"stat.drop.spartanshields.shield_basic_stone":1,"stat.pickup.customnpcs.npcteleporter":1,"stat.useItem.fossil.scarab_sword":46,"stat.killEntity.magma_monster_grunt":5,"stat.useItem.minecraft.flint_and_steel":1,"stat.mobKills":24,"stat.pickup.minecraft.magma_cream":7,"stat.useItem.customnpcs.npcwand":1,"stat.flyOneCm":43133,"stat.deaths":2,"stat.drop":4,"stat.pickup.customnpcs.nbt_book":1,"stat.playOneMinute":18154,"stat.sneakTime":57,"stat.damageDealt":2150,"stat.timeSinceDeath":2822,"stat.useItem.minecraft.spawn_egg":11,"stat.drop.minecraft.grass":1,"stat.useItem.customnpcs.npcmobcloner":1,"stat.diveOneCm":84}