{"stat.leaveGame":3,"stat.killEntity.Blaze":10,"stat.killEntity.PigZombie":1,"stat.useItem.minecraft.planks":7,"stat.pickup.minecraft.glowstone_dust":35,"stat.pickup.minecraft.porkchop":11,"stat.pickup.minecraft.sand":2,"stat.craftItem.minecraft.stone_axe":1,"stat.pickup.betternether.egg_plant":1,"stat.aviateOneCm":59983,"stat.craftItem.minecraft.stone_sword":1,"stat.mineBlock.minecraft.sand":2,"stat.mineBlock.betternether.bone_tile":1,"stat.craftItem.minecraft.wooden_pickaxe":1,"stat.mineBlock.betternether.bone_wall":4,"stat.mineBlock.minecraft.vine":4,"stat.mineBlock.chisel.marble2":2,"stat.furnaceInteraction":14,"stat.mineBlock.betternether.magma_flower":1,"stat.mineBlock.betternether.cincinnasite_stairs":1,"stat.pickup.betternether.cincinnasite_bricks_pillar":1,"stat.useItem.futuremc.bamboo":1,"stat.pickup.minecraft.beef":4,"stat.pickup.minecraft.furnace":2,"stat.pickup.betternether.gray_mold":1,"stat.useItem.minecraft.flint_and_steel":1,"stat.pickup.betternether.cincinnasite_pillar":1,"stat.deaths":5,"stat.pickup.minecraft.egg":1,"stat.playOneMinute":80161,"stat.pickup.minecraft.blaze_rod":22,"stat.pickup.zawa.care_guide":2,"stat.pickup.zawa.cetacean_meat_raw":1,"stat.pickup.chisel.marble2":2,"stat.mineBlock.minecraft.tallgrass":49,"stat.pickup.minecraft.netherrack":663,"stat.chestOpened":17,"stat.mineBlock.betternether.cincinnasite_pot":1,"stat.useItem.zawa.barfence_door":30,"stat.mineBlock.minecraft.netherrack":755,"stat.mineBlock.minecraft.ice":2,"stat.drop.minecraft.flint":1,"stat.craftItem.zawa.barfence_door":28,"stat.fallOneCm":27189,"stat.crouchOneCm":7548,"stat.pickup.minecraft.red_mushroom":4,"stat.pickup.minecraft.melon":4,"stat.craftingTableInteraction":3,"stat.drop.betternether.barrel_cactus":1,"stat.pickup.betternether.barrel_cactus":2,"stat.pickup.minecraft.feather":4,"stat.pickup.minecraft.dye":8,"stat.pickup.minecraft.wheat_seeds":8,"stat.mineBlock.minecraft.gravel":6,"stat.useItem.minecraft.stone_pickaxe":41,"stat.useItem.minecraft.stone_sword":101,"stat.pickup.betternether.cincinnasite":15,"stat.killEntity.Rabbit":1,"stat.mineBlock.minecraft.dirt":30,"stat.entityKilledBy.Stray":1,"stat.pickup.minecraft.crafting_table":3,"stat.craftItem.minecraft.crafting_table":1,"stat.mineBlock.betternether.cincinnasite_ore":11,"stat.mineBlock.zawa.bamboo":1,"stat.pickup.minecraft.log":52,"stat.mineBlock.betternether.cincinnasite_wall":1,"stat.pickup.zawa.bamboo":1,"stat.pickup.minecraft.sapling":14,"stat.pickup.minecraft.apple":1,"stat.craftItem.minecraft.planks":80,"stat.killEntity.WitherSkeleton":3,"stat.mineBlock.minecraft.log":51,"stat.sneakTime":2826,"stat.pickup.minecraft.rabbit":1,"stat.drop.betternether.cincinnasite_ore":1,"stat.pickup.minecraft.yellow_flower":1,"stat.drop.minecraft.grass":1,"stat.pickup.betternether.bone_tile":1,"stat.mineBlock.fossil.skull_lantern":1,"stat.pickup.minecraft.flint":1,"stat.drop.minecraft.red_mushroom":4,"stat.mineBlock.betternether.barrel_cactus":1,"stat.useItem.iceandfire.dread_knight_sword":16,"stat.mineBlock.minecraft.brown_mushroom":1,"stat.mineBlock.betternether.cincinnasite_pillar":1,"stat.swimOneCm":18844,"stat.mineBlock.betternether.nether_cactus":3,"stat.climbOneCm":16095,"stat.drop.betternether.magma_flower":1,"stat.useItem.minecraft.obsidian":15,"stat.useItem.minecraft.dirt":59,"stat.drop.minecraft.quartz":3,"stat.useItem.minecraft.stone_slab2":23,"stat.pickup.zawa.bird_meat":2,"stat.craftItem.minecraft.furnace":1,"stat.useItem.minecraft.egg":1,"stat.pickup.fossil.worktable":1,"stat.pickup.zawa.barfence_door":3,"stat.craftItem.minecraft.stone_pickaxe":1,"stat.useItem.betternether.nether_cactus":2,"stat.craftItem.minecraft.cooked_beef":4,"stat.mineBlock.minecraft.magma":14,"stat.pickup.minecraft.cobblestone":22,"stat.useItem.minecraft.stone_shovel":23,"stat.flyOneCm":219856,"stat.pickup.betternether.cincinnasite_ore":1,"stat.drop.minecraft.wheat_seeds":1,"stat.useItem.minecraft.cooked_beef":13,"stat.timeSinceDeath":7148,"stat.pickup.betternether.bone_wall":4,"stat.useItem.minecraft.cooked_porkchop":6,"stat.mineBlock.minecraft.coal_ore":32,"stat.mineBlock.minecraft.nether_brick":1,"stat.talkedToVillager":6,"stat.craftItem.minecraft.stone_slab2":0,"stat.killEntity.fossil.sturgeon":2,"stat.pickup.zawa.blubber":1,"stat.killEntity.Squid":1,"stat.sprintOneCm":158810,"stat.craftItem.minecraft.stick":12,"stat.mineBlock.biomesoplenty.grass":77,"stat.pickup.futuremc.bamboo":115,"stat.pickup.betternether.lucis_spore":2,"stat.mineBlock.minecraft.crafting_table":3,"stat.useItem.betternether.bone_wall":2,"stat.useItem.iceandfire.dragonsteel_ice_pickaxe":926,"stat.pickup.betternether.cincinnasite_pot":1,"stat.drop":19,"stat.craftItem.zawa.cetacean_meat_cooked":1,"stat.diveOneCm":107737,"stat.mineBlock.betternether.cincinnasite_brick_plate":1,"stat.pickup.minecraft.gravel":1,"stat.craftItem.minecraft.cooked_porkchop":6,"stat.useItem.minecraft.apple":1,"stat.mineBlock.futuremc.bamboo":7,"stat.mineBlock.betternether.cincinnasite_bricks_pillar":2,"stat.jump":1075,"stat.pickup.minecraft.coal":32,"stat.useItem.minecraft.stone_axe":66,"stat.mineBlock.iceandfire.frost_lily":1,"stat.pickup.betternether.cincinnasite_wall":1,"stat.pickup.minecraft.dirt":65,"stat.mineBlock.fossil.sifter":1,"stat.pickup.betternether.magma_flower":1,"stat.pickup.iceandfire.frost_lily":1,"stat.damageTaken":3202,"stat.pickup.minecraft.leather":4,"stat.mineBlock.minecraft.melon_block":1,"stat.mineBlock.minecraft.furnace":2,"stat.useItem.minecraft.wooden_pickaxe":21,"stat.tradedWithVillager":14,"stat.pickup.betternether.nether_cactus":3,"stat.pickup.minecraft.bed":3,"stat.pickup.fossil.sifter":1,"stat.pickup.minecraft.rabbit_hide":1,"stat.damageDealt":5400,"stat.sleepInBed":3,"stat.killEntity.Cow":2,"stat.mineBlock.betternether.lucis_spore":1,"stat.killEntity.Pig":5,"stat.craftItem.minecraft.stone_shovel":1,"stat.walkOneCm":118676,"stat.pickup.minecraft.stick":3,"stat.craftItem.zawa.monkey_vial":7,"stat.drop.minecraft.netherrack":284,"stat.pickup.zawa.coin":63,"stat.drop.zawa.monkey_vial":1,"stat.pickup.betternether.cincinnasite_stairs":1,"stat.pickup.minecraft.stone":1,"stat.useItem.minecraft.netherrack":35,"stat.mineBlock.betternether.netherrack_moss":2,"stat.pickup.betternether.netherrack_moss":2,"stat.killEntity.Skeleton":1,"stat.pickup.fossil.skull_lantern":1,"stat.mineBlock.minecraft.quartz_ore":46,"stat.mineBlock.minecraft.glowstone":10,"stat.mobKills":32,"stat.pickup.minecraft.quartz":83,"stat.mineBlock.fossil.worktable":1,"stat.mineBlock.minecraft.leaves":22,"stat.mineBlock.minecraft.stone":23}