{"stat.chestOpened":8,"stat.walkOneCm":39044,"stat.pickup.iceandfire.armor_white_chestplate":1,"stat.pickup.iceandfire.armor_white_boots":1,"stat.leaveGame":2,"stat.killEntity.gorgon":1,"stat.mineBlock.minecraft.ice":1,"stat.craftItem.minecraft.crafting_table":1,"stat.furnaceInteraction":1,"stat.pickup.iceandfire.dragon_skull":1,"stat.talkedToVillager":3,"stat.pickup.minecraft.log":3,"stat.jump":628,"stat.swimOneCm":2375,"stat.pickup.minecraft.fence":2,"stat.fallOneCm":15075,"stat.climbOneCm":136,"stat.mineBlock.minecraft.wool":2,"stat.crouchOneCm":858,"stat.pickup.minecraft.spider_eye":1,"stat.pickup.minecraft.dirt":2,"stat.useItem.minecraft.dirt":1,"stat.sprintOneCm":77123,"stat.pickup.mowziesmobs.wrought_axe":1,"stat.useItem.minecraft.stone_slab2":11,"stat.craftItem.minecraft.stick":4,"stat.craftingTableInteraction":1,"stat.pickup.mowziesmobs.wrought_helmet":1,"stat.pickup.iceandfire.shiny_scales":4,"stat.craftItem.minecraft.planks":12,"stat.mineBlock.minecraft.fence":2,"stat.damageTaken":1000,"stat.killEntity.Spider":1,"stat.killEntity.mocreatures:bunny":1,"stat.mineBlock.minecraft.red_flower":1,"stat.useItem.iceandfire.dragonsteel_fire_sword":8,"stat.pickup.iceandfire.armor_white_leggings":2,"stat.mobKills":7,"stat.craftItem.minecraft.wooden_sword":1,"stat.mineBlock.minecraft.log":3,"stat.useItem.carryon.entity_item":5,"stat.pickup.iceandfire.dragonbone":27,"stat.pickup.minecraft.prismarine_crystals":4,"stat.useItem.minecraft.golden_apple":2,"stat.pickup.iceandfire.gorgon_head":1,"stat.flyOneCm":509390,"stat.deaths":3,"stat.pickup.minecraft.wheat_seeds":1,"stat.pickup.iceandfire.armor_white_helmet":1,"stat.pickup.iceandfire.ash":1,"stat.playOneMinute":36652,"stat.useItem.minecraft.wooden_sword":26,"stat.entityKilledBy.Zombie":1,"stat.pickup.minecraft.red_flower":1,"stat.sneakTime":1631,"stat.pickup.minecraft.wool":2,"stat.killEntity.Villager":1,"stat.damageDealt":2847,"stat.useItem.minecraft.wool":1,"stat.killEntity.Zombie":1,"stat.timeSinceDeath":22727,"stat.killEntity.siren":1,"stat.useItem.minecraft.spawn_egg":1,"stat.craftItem.minecraft.wooden_pickaxe":1,"stat.mineBlock.minecraft.tallgrass":7,"stat.diveOneCm":7972}