{"stat.chestOpened":10,"stat.pickup.minecraft.sand":2,"stat.pickup.iceandfire.myrmex_desert_resin":1,"stat.walkOneCm":33911,"stat.pickup.iceandfire.myrmex_desert_chitin":8,"stat.killEntity.Chicken":1,"stat.leaveGame":1,"stat.killEntity.Spider":1,"stat.pickup.minecraft.feather":1,"stat.pickup.zawa.toxin_sac":2,"stat.mobKills":5,"stat.killEntity.Creeper":1,"stat.pickup.minecraft.gold_nugget":1,"stat.useItem.mocreatures.silversword":15,"stat.useItem.carryon.entity_item":9,"stat.pickup.minecraft.string":1,"stat.flyOneCm":280937,"stat.jump":525,"stat.swimOneCm":3709,"stat.playOneMinute":51690,"stat.climbOneCm":770,"stat.pickup.minecraft.cactus":4,"stat.sneakTime":226,"stat.damageDealt":1245,"stat.crouchOneCm":296,"stat.killEntity.mocreatures:crocodile":1,"stat.pickup.minecraft.chicken":1,"stat.useItem.zawa.african_elephant":1,"stat.pickup.zawa.care_guide":1,"stat.timeSinceDeath":51690,"stat.pickup.zawa.reptile_meat_raw":2,"stat.sprintOneCm":45471,"stat.useItem.minecraft.spawn_egg":2,"stat.useItem.zawa.asian_elephant":1,"stat.useItem.minecraft.stone_slab2":132,"stat.pickup.minecraft.skull":1,"stat.diveOneCm":1609}