{"stat.chestOpened":13,"stat.drop.vehicle.vehicle_crate":1,"stat.pickup.minecraft.bone":2,"stat.pickup.blocklings.blockling":1,"stat.leaveGame":4,"stat.pickup.minecraft.arrow":2,"stat.killEntity.gorgon":1,"stat.mineBlock.minecraft.ice":1,"stat.pickup.netherex.brown_elder_mushroom":1,"stat.pickup.netherex.rime_and_steel":1,"stat.jump":919,"stat.swimOneCm":5139,"stat.killEntity.mocreatures:ent":2,"stat.pickup.minecraft.fence":2,"stat.pickup.iceandfire.dragonsteel_ice_axe":1,"stat.fallOneCm":15075,"stat.climbOneCm":136,"stat.crouchOneCm":1999,"stat.pickup.minecraft.spider_eye":1,"stat.pickup.minecraft.dirt":2,"stat.useItem.minecraft.dirt":1,"stat.useItem.minecraft.stone_slab2":37,"stat.craftingTableInteraction":1,"stat.pickup.iceandfire.shiny_scales":4,"stat.damageTaken":1000,"stat.killEntity.mocreatures:bunny":1,"stat.drop.minecraft.bone":2,"stat.mineBlock.minecraft.red_flower":1,"stat.useItem.iceandfire.dragonsteel_fire_sword":8,"stat.useItem.iceandfire.dragonforge_fire_brick":31,"stat.craftItem.minecraft.wooden_sword":1,"stat.pickup.minecraft.ender_eye":4,"stat.pickup.minecraft.prismarine_crystals":4,"stat.flyOneCm":1028047,"stat.pickup.minecraft.wheat_seeds":1,"stat.pickup.iceandfire.ash":1,"stat.entityKilledBy.Zombie":1,"stat.killEntity.Villager":1,"stat.damageDealt":3826,"stat.useItem.minecraft.wool":1,"stat.timeSinceDeath":45972,"stat.useItem.iceandfire.dragonforge_fire_core_disabled":1,"stat.useItem.minecraft.spawn_egg":2,"stat.craftItem.minecraft.wooden_pickaxe":1,"stat.useItem.iceandfire.dragonforge_fire_input":1,"stat.walkOneCm":61000,"stat.pickup.iceandfire.armor_white_chestplate":1,"stat.pickup.vehicle.vehicle_crate":1,"stat.pickup.iceandfire.armor_white_boots":1,"stat.useItem.iceandfire.troll_weapon.hammer":1,"stat.craftItem.minecraft.crafting_table":1,"stat.furnaceInteraction":1,"stat.pickup.iceandfire.dragon_skull":2,"stat.drop.iceandfire.dragonbone":18,"stat.talkedToVillager":4,"stat.drop.minecraft.spawn_egg":1,"stat.pickup.minecraft.log":3,"stat.useItem.netherex.rime_and_steel":2,"stat.drop.iceandfire.dragon_skull":1,"stat.mineBlock.minecraft.wool":2,"stat.useItem.iceandfire.dragonsteel_fire_axe":1,"stat.pickup.minecraft.ender_pearl":4,"stat.drop.iceandfire.dragonsteel_ice_axe":1,"stat.sprintOneCm":118714,"stat.pickup.mowziesmobs.wrought_axe":1,"stat.craftItem.minecraft.stick":4,"stat.pickup.mowziesmobs.wrought_helmet":1,"stat.craftItem.minecraft.planks":12,"stat.mineBlock.minecraft.fence":2,"stat.killEntity.Spider":1,"stat.useItem.iceandfire.dragonsteel_ice_axe":2,"stat.useItem.minecraft.ender_eye":1,"stat.pickup.iceandfire.armor_white_leggings":2,"stat.mobKills":9,"stat.mineBlock.minecraft.log":3,"stat.useItem.carryon.entity_item":6,"stat.pickup.iceandfire.dragonbone":45,"stat.pickup.minecraft.spawn_egg":1,"stat.useItem.minecraft.golden_apple":2,"stat.pickup.iceandfire.gorgon_head":1,"stat.deaths":3,"stat.drop":6,"stat.pickup.iceandfire.armor_white_helmet":1,"stat.pickup.minecraft.egg":1,"stat.playOneMinute":59897,"stat.useItem.minecraft.wooden_sword":26,"stat.pickup.minecraft.red_flower":1,"stat.sneakTime":2674,"stat.pickup.minecraft.wool":2,"stat.killEntity.Zombie":1,"stat.killEntity.siren":1,"stat.mineBlock.minecraft.tallgrass":7,"stat.diveOneCm":12247}