{"stat.chestOpened":5,"stat.useItem.minecraft.red_flower":2,"stat.walkOneCm":5313,"stat.craftItem.minecraft.planks":12,"stat.leaveGame":2,"stat.craftItem.minecraft.crafting_table":1,"stat.mineBlock.minecraft.red_flower":5,"stat.mineBlock.minecraft.log":4,"stat.drop.minecraft.red_flower":1,"stat.pickup.minecraft.log":4,"stat.flyOneCm":3346,"stat.pickup.minecraft.wheat_seeds":3,"stat.drop":4,"stat.jump":11,"stat.playOneMinute":3271,"stat.fallOneCm":418,"stat.drop.minecraft.wheat_seeds":3,"stat.pickup.minecraft.red_flower":4,"stat.timeSinceDeath":3271,"stat.craftItem.minecraft.chest":1,"stat.pickup.minecraft.dirt":1,"stat.sprintOneCm":3760,"stat.mineBlock.minecraft.dirt":1,"stat.useItem.minecraft.stone_slab2":4,"stat.mineBlock.minecraft.tallgrass":11,"stat.craftingTableInteraction":2}