{"stat.chestOpened":8,"stat.walkOneCm":8271,"stat.leaveGame":4,"stat.craftItem.minecraft.crafting_table":1,"stat.mineBlock.minecraft.yellow_flower":8,"stat.drop.minecraft.red_flower":1,"stat.pickup.minecraft.log":4,"stat.jump":40,"stat.fallOneCm":2299,"stat.crouchOneCm":5,"stat.craftItem.minecraft.chest":1,"stat.pickup.minecraft.dirt":1,"stat.sprintOneCm":7604,"stat.useItem.minecraft.stone_slab2":4,"stat.craftingTableInteraction":2,"stat.useItem.minecraft.red_flower":2,"stat.craftItem.minecraft.planks":16,"stat.mineBlock.minecraft.red_flower":5,"stat.mineBlock.minecraft.log":4,"stat.flyOneCm":9059,"stat.pickup.minecraft.wheat_seeds":5,"stat.drop":4,"stat.playOneMinute":5120,"stat.drop.minecraft.wheat_seeds":3,"stat.pickup.minecraft.red_flower":5,"stat.sneakTime":5,"stat.timeSinceDeath":5120,"stat.pickup.minecraft.yellow_flower":8,"stat.mineBlock.minecraft.dirt":1,"stat.mineBlock.minecraft.tallgrass":17}