{"stat.chestOpened":8,"stat.walkOneCm":19694,"stat.pickup.minecraft.bone":8,"stat.leaveGame":7,"stat.craftItem.minecraft.crafting_table":1,"stat.mineBlock.minecraft.yellow_flower":8,"stat.killEntity.Blaze":2,"stat.drop.minecraft.red_flower":1,"stat.pickup.minecraft.log":4,"stat.jump":229,"stat.pickup.minecraft.coal":5,"stat.fallOneCm":2299,"stat.crouchOneCm":633,"stat.craftItem.minecraft.chest":1,"stat.useItem.minecraft.obsidian":14,"stat.pickup.minecraft.dirt":1,"stat.sprintOneCm":25332,"stat.useItem.minecraft.stone_slab2":5,"stat.craftingTableInteraction":2,"stat.useItem.minecraft.red_flower":2,"stat.craftItem.minecraft.planks":16,"stat.useItem.futuremc.netherite_sword":26,"stat.useItem.minecraft.flint_and_steel":1,"stat.killEntity.WitherSkeleton":8,"stat.mineBlock.minecraft.red_flower":5,"stat.mobKills":10,"stat.mineBlock.minecraft.log":4,"stat.pickup.minecraft.planks":4,"stat.flyOneCm":107503,"stat.pickup.minecraft.wheat_seeds":7,"stat.drop":4,"stat.playOneMinute":16054,"stat.drop.minecraft.wheat_seeds":3,"stat.pickup.minecraft.blaze_rod":1,"stat.pickup.minecraft.red_flower":6,"stat.sneakTime":113,"stat.damageDealt":2080,"stat.timeSinceDeath":16054,"stat.pickup.minecraft.yellow_flower":16,"stat.mineBlock.minecraft.dirt":1,"stat.useItem.minecraft.spawn_egg":2,"stat.mineBlock.minecraft.tallgrass":17}