{"stat.chestOpened":8,"stat.walkOneCm":10836,"stat.leaveGame":6,"stat.craftItem.minecraft.crafting_table":1,"stat.mineBlock.minecraft.yellow_flower":8,"stat.drop.minecraft.red_flower":1,"stat.pickup.minecraft.log":4,"stat.jump":86,"stat.fallOneCm":2299,"stat.crouchOneCm":5,"stat.craftItem.minecraft.chest":1,"stat.pickup.minecraft.dirt":1,"stat.sprintOneCm":10686,"stat.useItem.minecraft.stone_slab2":4,"stat.craftingTableInteraction":2,"stat.useItem.minecraft.red_flower":2,"stat.craftItem.minecraft.planks":16,"stat.mineBlock.minecraft.red_flower":5,"stat.mineBlock.minecraft.log":4,"stat.pickup.minecraft.planks":4,"stat.flyOneCm":21466,"stat.pickup.minecraft.wheat_seeds":7,"stat.drop":4,"stat.playOneMinute":7154,"stat.drop.minecraft.wheat_seeds":3,"stat.pickup.minecraft.red_flower":6,"stat.sneakTime":5,"stat.timeSinceDeath":7154,"stat.pickup.minecraft.yellow_flower":16,"stat.mineBlock.minecraft.dirt":1,"stat.mineBlock.minecraft.tallgrass":17}